{
    "Gender": 0,
    "Weight": 1.0,
    "SkinColor": {
        "r": 0.17924529314041139,
        "g": 0.1540389209985733,
        "b": 0.13443396985530854,
        "a": 1.0
    },
    "HairStyle": "Avatar/Hair/Afro/Afro",
    "HairColor": {
        "r": 0.07547169923782349,
        "g": 0.07547169923782349,
        "b": 0.07547169923782349,
        "a": 1.0
    },
    "Mouth": "Avatar/Layers/Face/Face_SmugPout",
    "FacialHair": "Avatar/Layers/Face/FacialHair_Goatee",
    "FacialDetails": "",
    "FacialDetailsIntensity": 1.0,
    "EyeballColor": {
        "r": 1.0,
        "g": 0.6556603908538818,
        "b": 0.6556603908538818,
        "a": 1.0
    },
    "UpperEyeLidRestingPosition": 1.0,
    "LowerEyeLidRestingPosition": 1.0,
    "PupilDilation": 1.0,
    "EyebrowScale": 1.7000000476837159,
    "EyebrowThickness": 2.5,
    "EyebrowRestingHeight": 1.0,
    "EyebrowRestingAngle": 10.0,
    "Top": "Avatar/Layers/Top/T-Shirt",
    "TopColor": {
        "r": 0.15094339847564698,
        "g": 0.15094339847564698,
        "b": 0.15094339847564698,
        "a": 1.0
    },
    "Bottom": "Avatar/Layers/Bottom/CargoPants",
    "BottomColor": {
        "r": 0.15094339847564698,
        "g": 0.15094339847564698,
        "b": 0.15094339847564698,
        "a": 1.0
    },
    "Shoes": "Avatar/Accessories/Feet/Sandals/Sandals",
    "ShoesColor": {
        "r": 0.15094339847564698,
        "g": 0.15094339847564698,
        "b": 0.15094339847564698,
        "a": 1.0
    },
    "Headwear": "",
    "HeadwearColor": {
        "r": 1.0,
        "g": 1.0,
        "b": 1.0,
        "a": 1.0
    },
    "Eyewear": "",
    "EyewearColor": {
        "r": 0.0,
        "g": 0.0,
        "b": 0.0,
        "a": 0.0
    },
    "Tattoos": []
}