{
    "DataType": "MoneyData",
    "DataVersion": 0,
    "GameVersion": "0.3.3f14",
    "OnlineBalance": 12452.150390625,
    "Networth": 47672.75,
    "LifetimeEarnings": 78820.0,
    "WeeklyDepositSum": 4071.20654296875
}