{
    "DataType": "MoneyData",
    "DataVersion": 0,
    "GameVersion": "0.3.3f14",
    "OnlineBalance": 739.131591796875,
    "Networth": 3192.631591796875,
    "LifetimeEarnings": 3490.0,
    "WeeklyDepositSum": 1083.5
}